id,text,tone,lang,tags
1,Hoy facturamos y sonreÃ­mos: el combo imbatible. ğŸ’¸ğŸ˜,funny,es,"ventas,Ã¡nimo"
2,"Si el plan A falla, recuerda que el alfabeto tiene 27 letras. Ã‘ incluida. ğŸ…°ï¸â¡ï¸Ã‘",funny,es,"resiliencia,humor"
3,"Objetivo del dÃ­a: vender, aprender y no olvidar el cafÃ©. â˜•ï¸",funny,es,"productividad,ventas"
4,"Si el Excel no cuadra, quizÃ¡ solo necesita cariÃ±o (y una revisiÃ³n). ğŸ“Šâ¤ï¸",funny,es,"finanzas,excel"
5,Los mÃ¡rgenes tambiÃ©n necesitan amor. CuÃ­dalos hoy. ğŸ“ˆ,funny,es,"mÃ¡rgenes,finanzas"
6,"Cliente feliz, jefe feliz, todos felices. Esa es la cadena de suministro real. ğŸ˜„",funny,es,"clientes,servicio"
7,"Si dudas, llama al dato. Los datos siempre devuelven la llamada. ğŸ“ğŸ“Š",funny,es,"datos,decisiones"
8,Hoy el stock no se controla solo. Â¡Pero casi! ğŸ§®,funny,es,"stock,operaciones"
9,Recuerda: vender sin margen es caridad. Y hoy no toca. ğŸ˜‰,funny,es,"mÃ¡rgenes,ventas"
10,Cada â€˜noâ€™ es un â€˜sÃ­â€™ con retraso. Persevera. ğŸš€,funny,es,"ventas,actitud"
11,"Planifica como suizo, improvisa como latino. Balance perfecto. ğŸ•°ï¸ğŸ‰",funny,es,"planificaciÃ³n,agilidad"
12,"Si el KPI te mira raro, mÃ­ralo con mÃ¡s datos. ğŸ‘€",funny,es,"kpi,datos"
13,Hoy toca vender como si fuera fin de mes (aunque no lo sea). ğŸ“†,funny,es,"ventas,empuje"
14,"MÃ¡s tickets, menos tiquismiquis. ğŸ’³",funny,es,"ticket_promedio,ventas"
15,La caja no miente. Hoy hazla sonreÃ­r. ğŸ§¾,funny,es,"caja,finanzas"
16,"Cobra a tiempo, duerme mejor. ğŸ’¤",funny,es,"cobros,finanzas"
17,"Si no hay clientes, hay llamadas. Si hay llamadas, habrÃ¡ clientes. â˜ï¸",funny,es,"ventas,prospectos"
18,El mejor CRM sigue siendo una buena conversaciÃ³n. ğŸ—£ï¸,funny,es,"clientes,relaciÃ³n"
19,"Hoy, cada pizza cuenta. Y cada sonrisa tambiÃ©n. ğŸ•ğŸ™‚",funny,es,"restauraciÃ³n,ventas"
20,No dejes para maÃ±ana el margen que puedes mejorar hoy. ğŸ”§,funny,es,"mÃ¡rgenes,mejora"
21,PredicciÃ³n del dÃ­a: 100% de probabilidades de lograrlo. ğŸŒ¤ï¸,funny,es,"motivaciÃ³n,optimismo"
22,"Si el clima ayuda, ayuda tÃº tambiÃ©n. Terraza lista. ğŸŒğŸ»",funny,es,"clima,operaciÃ³n"
23,"Menos drama, mÃ¡s programa (de ventas). ğŸ“‹",funny,es,"operaciones,ventas"
24,Hoy el objetivo nos guiÃ±a el ojo. DevuÃ©lvele el guiÃ±o. ğŸ˜‰,funny,es,"objetivos,actitud"
25,"Cada euro cuenta; cada detalle, tambiÃ©n. ğŸ”",funny,es,"finanzas,detalle"
26,Optimiza compras: el margen te manda saludos. ğŸ›’â¡ï¸ğŸ“ˆ,funny,es,"compras,mÃ¡rgenes"
27,Atiende como te gustarÃ­a ser atendido. Funciona. ğŸ™Œ,funny,es,"clientes,servicio"
28,PequeÃ±as mejoras diarias = grandes resultados. ğŸ“ˆ,funny,es,"kaizen,mejora"
29,"Hoy: menos reuniones, mÃ¡s decisiones. âœ…",funny,es,"decisiones,productividad"
30,"Si puedes medirlo, puedes mejorarlo. Y si puedes mejorarlo, hoy es el dÃ­a. ğŸ¯",funny,es,"kpi,mejora"
31,La mejor promo: calidad constante. ğŸ’ª,funny,es,"promos,calidad"
32,"Atreverse vende. Con criterio, vende mÃ¡s. ğŸ§ ",funny,es,"ventas,estrategia"
33,"Hoy no somos perfectos, pero sÃ­ constantes. â™»ï¸",funny,es,"hÃ¡bitos,constancia"
34,Que lo urgente no tape lo importante. ğŸ™ˆ,funny,es,"prioridades,gestiÃ³n"
35,Cerrar caja feliz es un estilo de vida. ğŸ˜Œ,funny,es,"caja,finanzas"
36,Que el POS no te posea. TÃº mandas. ğŸ§™â€â™‚ï¸,funny,es,"sistemas,operaciones"
37,"Sin prisa, sin pausaâ€¦ y con ventas. ğŸƒâ€â™‚ï¸",funny,es,"ritmo,ventas"
38,"El dato es rey; la acciÃ³n, reina. ğŸ‘‘",funny,es,"datos,ejecuciÃ³n"
39,"Si el ticket baja, sube el encanto. ğŸ˜‰",funny,es,"ticket_promedio,servicio"
40,Hoy la competencia desayuna tarde. Aprovecha. ğŸ¥,funny,es,"competencia,actitud"
41,"Menos quejas, mÃ¡s que queso. ğŸ§€",funny,es,"stock,humor"
42,Plan sin acciÃ³n es solo decoraciÃ³n. ğŸ–¼ï¸,funny,es,"planificaciÃ³n,acciÃ³n"
43,Lo bueno: aprendemos. Lo mejor: vendemos. ğŸ§ ğŸ’¸,funny,es,"aprendizaje,ventas"
44,"El clima acompaÃ±a; la actitud, mÃ¡s. ğŸŒ¤ï¸ğŸ™‚",funny,es,"clima,actitud"
45,"Si no estÃ¡ en agenda, no existe. Agenda eso. ğŸ—“ï¸",funny,es,"agenda,disciplina"
46,"Â¿Objetivo alto? Escalera corta, paso constante. ğŸªœ",funny,es,"objetivos,progreso"
47,"Primero gente, luego nÃºmeros. ğŸ¤",funny,es,"personas,finanzas"
48,Los lunes tambiÃ©n cuentan. Y pagan. ğŸ’¼,funny,es,"lunes,ventas"
49,"Hoy: foco, ritmo y buen humor. ğŸ§­",funny,es,"ritmo,actitud"
50,"Ventas arriba, quejas abajo. ğŸ”„",funny,es,"ventas,servicio"
51,Una gran noche empieza con una gran mise en place. ğŸ”§,funny,es,"operaciones,hostelerÃ­a"
52,"Si dudas entre dos tareas, haz la que acerque al objetivo. ğŸ¯",funny,es,"prioridades,objetivos"
53,Hoy tocan mÃ¡s gracias que descuentos. ğŸ™,funny,es,"clientes,fidelizaciÃ³n"
54,Cada mesa es una final. Â¡A jugarla bien! ğŸ†,funny,es,"restauraciÃ³n,servicio"
55,"Menos scroll, mÃ¡s control. ğŸ“±âœ‹",funny,es,"enfoque,operaciones"
56,"Si el margen sonrÃ­e, todos sonreÃ­mos. ğŸ˜",funny,es,"mÃ¡rgenes,finanzas"
57,"La logÃ­stica perfecta no existe, pero hoy la rozamos. ğŸšš",funny,es,"logÃ­stica,mejora"
58,"Piensa en grande, factura en detalle. ğŸ§ ğŸ’µ",funny,es,"visiÃ³n,finanzas"
59,"Menos excusas, mÃ¡s reservas. ğŸ“",funny,es,"reservas,ventas"
60,Hoy salimos a ganarâ€¦ clientes. ğŸ¥‡,funny,es,"clientes,ventas"
